timestamp,ltp,volume,oi,token,type,open,high,low
2025-07-08 23:59:50+05:30,120.0,132629,469000,455908,CE,101.1,142.0,87.0
2025-07-08 23:59:50+05:30,134.1,81917,469000,455958,PE,188.4,211.3,128.5
2025-07-08 23:59:50+05:30,5883.0,21613,1377200,447552,FUT,5806.0,5914.0,5776.0
2025-07-08 23:59:50+05:30,120.0,132629,469000,455908,CE,101.1,142.0,87.0
2025-07-08 23:59:50+05:30,134.1,81917,469000,455958,PE,188.4,211.3,128.5
2025-07-08 23:59:50+05:30,5883.0,21613,1377200,447552,FUT,5806.0,5914.0,5776.0
2025-07-08 23:59:50+05:30,120.0,132629,469000,455908,CE,101.1,142.0,87.0
2025-07-08 23:59:50+05:30,134.1,81917,469000,455958,PE,188.4,211.3,128.5
2025-07-08 23:59:50+05:30,5883.0,21613,1377200,447552,FUT,5806.0,5914.0,5776.0
