symbol,date
CRUDEOIL17JUL255650CE,2025-07-08
CRUDEOIL14AUG255650CE,2025-07-08
CRUDEOIL14AUG255650PE,2025-07-08
CRUDEOIL17SEP255650CE,2025-07-08
CRUDEOIL14AUG255700PE,2025-07-08
CRUDEOIL17SEP255700CE,2025-07-08
CRUDEOIL17JUL255700CE,2025-07-08
CRUDEOIL14AUG255700CE,2025-07-08
CRUDEOIL17JUL255700PE,2025-07-08
CRUDEOIL17SEP255700PE,2025-07-08
CRUDEOIL14AUG255750PE,2025-07-08
CRUDEOIL17JUL255750PE,2025-07-08
CRUDEOIL14AUG255750CE,2025-07-08
CRUDEOIL17SEP255750PE,2025-07-08
CRUDEOIL17SEP255750CE,2025-07-08
CRUDEOIL17JUL255750CE,2025-07-08
CRUDEOIL14AUG255800PE,2025-07-08
CRUDEOIL17SEP255800CE,2025-07-08
CRUDEOIL17JUL255800PE,2025-07-08
CRUDEOIL14AUG255800CE,2025-07-08
